timestamp,open,high,low,close,volume
1666368000000,27.544,27.589,27.544,27.5565,1457
1666368060000,27.5565,27.6145,27.5565,27.5972,623
1666368120000,27.5972,27.6348,27.594,27.6207,1172
1666368180000,27.6207,27.6784,27.6083,27.6563,8432
1666368240000,27.6563,27.7084,27.6207,27.6984,526
1666368300000,27.6984,27.711,27.614,27.6632,3159
1666368360000,27.6632,27.6661,27.6084,27.6581,2463
1666368420000,27.6581,27.6784,27.6065,27.6299,1019
1666368480000,27.6299,27.6628,27.6299,27.658,408
1666368540000,27.658,27.6784,27.658,27.6659,173
1666368600000,27.6659,27.6819,27.6637,27.6784,653
1666368660000,27.6784,27.6834,27.614,27.614,456
1666368720000,27.614,27.6249,27.5951,27.6078,105
1666368780000,27.6078,27.6376,27.5997,27.5997,288
1666368840000,27.5997,27.6292,27.5997,27.6179,560
1666368900000,27.6179,27.6508,27.6144,27.6496,102
1666368960000,27.6496,27.6575,27.6367,27.654,88
1666369020000,27.654,27.7184,27.6526,27.715,833
1666369080000,27.715,27.7234,27.66,27.66,290
1666369140000,27.66,27.6634,27.624,27.6291,361
1666369200000,27.6291,27.6333,27.6065,27.6065,616
1666369260000,27.6065,27.6471,27.6065,27.6409,562
1666369320000,27.6409,27.6502,27.624,27.6265,161
1666369380000,27.6265,27.6486,27.624,27.642,255
1666369440000,27.642,27.682,27.6265,27.682,1350
1666369500000,27.682,27.7064,27.6687,27.7014,342
1666369560000,27.7014,27.717,27.6818,27.6866,272
1666369620000,27.6866,27.6866,27.6347,27.6372,858
1666369680000,27.6372,27.6628,27.6271,27.6528,92
1666369740000,27.6528,27.6665,27.6294,27.6393,190
1666369800000,27.6393,27.6789,27.639,27.6786,9919
1666369860000,27.6786,27.6786,27.6416,27.6465,99
1666369920000,27.6465,27.7011,27.6465,27.6946,1965
1666369980000,27.6946,27.7126,27.6916,27.692,1307
1666370040000,27.692,27.729,27.692,27.7082,669
1666370100000,27.7082,27.7228,27.6942,27.7228,910
1666370160000,27.7228,27.7291,27.7149,27.7213,453
1666370220000,27.7213,27.8079,27.7163,27.7969,3839
1666370280000,27.7969,27.808,27.7245,27.7264,332
1666370340000,27.7264,27.7264,27.6706,27.6747,293
1666370400000,27.6747,27.718,27.6747,27.718,175
1666370460000,27.718,27.7813,27.7136,27.7588,19962
1666370520000,27.7588,27.7704,27.7306,27.7331,149
1666370580000,27.7331,27.7534,27.7287,27.7524,143
1666370640000,27.7524,27.7524,27.7293,27.7296,52
1666370700000,27.7296,27.7617,27.7296,27.7588,120
1666370760000,27.7588,27.7738,27.7493,27.7735,200
1666370820000,27.7735,27.7802,27.7588,27.7775,173
1666370880000,27.7775,27.7898,27.7739,27.7739,167
1666370940000,27.7739,27.798,27.7739,27.7883,295
1666371000000,27.7883,27.83,27.7883,27.8077,219
1666371060000,27.8077,27.8354,27.8077,27.832,195
1666371120000,27.832,27.8344,27.8088,27.8147,91
1666371180000,27.8147,27.835,27.8147,27.8288,304
1666371240000,27.8288,27.8358,27.8186,27.8234,110
1666371300000,27.8234,27.8446,27.7952,27.7952,451
1666371360000,27.7952,27.7952,27.7088,27.7139,1956
1666371420000,27.7139,27.7139,27.674,27.6777,4633
1666371480000,27.6777,27.7004,27.6677,27.6848,434
1666371540000,27.6848,27.6901,27.664,27.6901,300
1666371600000,27.6901,27.7165,27.6776,27.7133,642
1666371660000,27.7133,27.7224,27.6872,27.6991,306
1666371720000,27.6991,27.7017,27.6713,27.6772,250
1666371780000,27.6772,27.6813,27.6649,27.6694,415
1666371840000,27.6694,27.6725,27.634,27.6575,1059
1666371900000,27.6575,27.6966,27.6566,27.6966,224
1666371960000,27.6966,27.7407,27.6966,27.7196,766
1666372020000,27.7196,27.7566,27.7196,27.7566,432
1666372080000,27.7566,27.7779,27.7538,27.7668,280
1666372140000,27.7668,27.7868,27.7346,27.7383,7155
1666372200000,27.7383,27.7747,27.7368,27.7618,312
1666372260000,27.7618,27.7676,27.7288,27.7575,4572
1666372320000,27.7575,27.7775,27.7573,27.7593,342
1666372380000,27.7593,27.7886,27.756,27.7886,365
1666372440000,27.7886,27.7984,27.7738,27.7884,551
1666372500000,27.7884,27.8148,27.7724,27.7724,302
1666372560000,27.7724,27.8384,27.7724,27.8313,2408
1666372620000,27.8313,27.8704,27.8243,27.8623,1728
1666372680000,27.8623,27.8829,27.8388,27.8388,392
1666372740000,27.8388,27.8622,27.8388,27.8545,418
1666372800000,27.8545,27.8599,27.8438,27.8588,433
1666372860000,27.8588,27.9073,27.8588,27.8972,621
1666372920000,27.8972,27.9292,27.8338,27.8338,891
1666372980000,27.8338,27.8384,27.8001,27.8182,871
1666373040000,27.8182,27.8184,27.8003,27.8009,420
1666373100000,27.8009,27.8215,27.7938,27.8174,930
1666373160000,27.8174,27.8931,27.8113,27.8925,284
1666373220000,27.8925,27.9048,27.8713,27.8723,725
1666373280000,27.8723,27.896,27.8704,27.8922,463
1666373340000,27.8922,27.8983,27.8638,27.8722,310
1666373400000,27.8722,27.9384,27.8722,27.9299,358
1666373460000,27.9299,27.9548,27.9256,27.9548,946
1666373520000,27.9548,27.978,27.9373,27.9562,942
1666373580000,27.9562,27.9562,27.9128,27.9128,274
1666373640000,27.9128,27.9294,27.8921,27.9024,415
1666373700000,27.9024,27.9296,27.9024,27.9153,663
1666373760000,27.9153,27.9347,27.9072,27.9072,214
1666373820000,27.9072,27.9072,27.8763,27.8917,523
1666373880000,27.8917,27.8998,27.8438,27.8438,580
1666373940000,27.8438,27.845,27.7988,27.8205,1996
1666374000000,27.8205,27.8387,27.8016,27.8026,266
1666374060000,27.8026,27.8334,27.8014,27.8119,4518
1666374120000,27.8119,27.8483,27.8119,27.8317,5539
1666374180000,27.8317,27.8577,27.8317,27.8446,269
1666374240000,27.8446,27.8478,27.8102,27.8109,232
1666374300000,27.8109,27.8458,27.8063,27.8436,1975
1666374360000,27.8436,27.8498,27.8049,27.8049,1380
1666374420000,27.8049,27.8229,27.8006,27.8185,680
1666374480000,27.8185,27.8433,27.8159,27.8433,670
1666374540000,27.8433,27.87,27.8433,27.87,243
1666374600000,27.87,27.9028,27.8668,27.9028,1012
1666374660000,27.9028,27.9258,27.8845,27.8845,426
1666374720000,27.8845,27.9283,27.8818,27.9088,209
1666374780000,27.9088,27.9272,27.9065,27.9164,165
1666374840000,27.9164,27.9217,27.8962,27.8962,1681
1666374900000,27.8962,27.91,27.889,27.889,684
1666374960000,27.889,27.8983,27.8847,27.892,280
1666375020000,27.892,27.9197,27.8838,27.9197,307
1666375080000,27.9197,27.9528,27.8948,27.8948,1237
1666375140000,27.8948,27.9033,27.8864,27.8914,1894
1666375200000,27.8914,27.9431,27.8914,27.9206,234
1666375260000,27.9206,27.9472,27.915,27.9213,175
1666375320000,27.9213,27.9278,27.9048,27.9181,251
1666375380000,27.9181,27.9392,27.9002,27.9392,287
1666375440000,27.9392,27.9608,27.9192,27.9284,166
1666375500000,27.9284,27.9519,27.9284,27.9519,141
1666375560000,27.9519,27.9883,27.9513,27.9827,358
1666375620000,27.9827,27.9855,27.9296,27.9795,504
1666375680000,27.9795,28.0333,27.9737,28.0333,4948
1666375740000,28.0056,28.053,28.0041,28.0041,5832
1666375800000,28.0041,28.0108,27.9762,27.9762,2691
1666375860000,27.9762,27.9993,27.9762,27.9774,127
1666375920000,27.9774,28.0006,27.9589,27.9938,525
1666375980000,27.9938,27.9962,27.9472,27.9472,711
1666376040000,27.9472,27.9574,27.9112,27.9237,404
1666376100000,27.9237,27.9588,27.9186,27.9186,361
1666376160000,27.9186,27.9257,27.8987,27.9009,381
1666376220000,27.9009,27.9186,27.8613,27.9183,489
1666376280000,27.9183,27.9231,27.8949,27.8949,284
1666376340000,27.8949,27.9207,27.8663,27.8663,90
1666376400000,27.8663,27.8769,27.8638,27.8686,1042
1666376460000,27.8686,27.8764,27.8414,27.8414,343
1666376520000,27.8414,27.8484,27.8338,27.8396,1545
1666376580000,27.8396,27.8448,27.8255,27.8345,90
1666376640000,27.8345,27.8345,27.7851,27.8137,422
1666376700000,27.8137,27.8398,27.8096,27.8096,246
1666376760000,27.8096,27.8279,27.7959,27.8017,331
1666376820000,27.8017,27.8347,27.8017,27.825,245
1666376880000,27.825,27.8652,27.825,27.8586,415
1666376940000,27.8586,27.8624,27.8324,27.838,308
1666377000000,27.838,27.8812,27.838,27.876,348
1666377060000,27.876,27.9075,27.867,27.8958,207
1666377120000,27.8958,27.9058,27.8852,27.8927,183
1666377180000,27.8927,27.911,27.8907,27.8948,192
1666377240000,27.8948,27.8979,27.8637,27.8795,180
1666377300000,27.8795,27.8795,27.8495,27.8685,165
1666377360000,27.8685,27.873,27.842,27.842,268
1666377420000,27.842,27.8947,27.842,27.892,235
1666377480000,27.892,27.9047,27.8765,27.8773,231
1666377540000,27.8773,27.8983,27.8613,27.8949,329
1666377600000,27.8949,27.9068,27.8804,27.8834,162
1666377660000,27.8834,27.9004,27.8696,27.9004,157
1666377720000,27.9004,27.9063,27.8835,27.896,219
1666377780000,27.896,27.898,27.884,27.8951,441
1666377840000,27.8951,27.8983,27.8627,27.8663,197
1666377900000,27.8663,27.8865,27.8637,27.8669,128
1666377960000,27.8669,27.9005,27.8669,27.8974,253
1666378020000,27.8974,27.9059,27.892,27.9019,135
1666378080000,27.9019,27.9093,27.8898,27.8901,213
1666378140000,27.8901,27.8974,27.8825,27.8845,153
1666378200000,27.8845,27.8935,27.8651,27.8651,131
1666378260000,27.8651,27.8651,27.845,27.8634,252
1666378320000,27.8634,27.8784,27.8618,27.8735,101
1666378380000,27.8735,27.8737,27.85,27.8514,151
1666378440000,27.8514,27.856,27.8338,27.8396,294
1666378500000,27.8396,27.8709,27.8396,27.8619,201
1666378560000,27.8619,27.8756,27.8593,27.8594,123
1666378620000,27.8594,27.893,27.8513,27.893,206
1666378680000,27.893,27.8946,27.8865,27.8922,881
1666378740000,27.8922,27.9026,27.889,27.8948,255
1666378800000,27.8948,27.9157,27.8938,27.9012,168
1666378860000,27.9012,27.9076,27.8919,27.8977,171
1666378920000,27.8977,27.9433,27.8977,27.9429,130
1666378980000,27.9429,27.9751,27.9395,27.9751,824
1666379040000,27.9751,28.015,27.9698,27.9946,2924
1666379100000,27.9946,27.995,27.9688,27.9689,168
1666379160000,27.9689,27.9739,27.9498,27.9513,89
1666379220000,27.9513,27.998,27.9362,27.998,168
1666379280000,27.998,28.0008,27.9812,27.9994,233
1666379340000,27.9994,28.0027,27.966,27.9789,214
1666379400000,27.9789,28.0052,27.9703,28.0052,131
1666379460000,28.0052,28.0355,28.0052,28.0315,413
1666379520000,28.0315,28.0641,28.0312,28.0355,218
1666379580000,28.0355,28.0483,28.0326,28.0483,1943
1666379640000,28.0483,28.0539,28.0137,28.0169,164
1666379700000,28.0169,28.041,28.0147,28.0321,296
1666379760000,28.0321,28.0321,28.0012,28.0139,299
1666379820000,28.0139,28.0283,28.0073,28.015,284
1666379880000,28.015,28.0633,28.0144,28.0497,74
1666379940000,28.0497,28.0763,28.0497,28.0537,170
1666380000000,28.0537,28.0598,28.0474,28.0562,90
1666380060000,28.0562,28.092,28.0552,28.0861,194
1666380120000,28.0861,28.1174,28.0783,28.1141,465
1666380180000,28.1141,28.1235,28.0756,28.0756,740
1666380240000,28.0756,28.1206,28.0714,28.1083,250
1666380300000,28.1083,28.1242,28.0836,28.1011,270
1666380360000,28.1011,28.1181,28.094,28.1001,146
1666380420000,28.1001,28.1336,28.0942,28.124,400
1666380480000,28.124,28.1267,28.097,28.0984,1267
1666380540000,28.0984,28.115,28.0971,28.115,206
1666380600000,28.115,28.1152,28.0986,28.1008,215
1666380660000,28.1008,28.105,28.095,28.0961,494
1666380720000,28.0961,28.1046,28.0295,28.0295,999
1666380780000,28.0295,28.0395,28.0062,28.0181,293
1666380840000,28.0181,28.0247,28.0042,28.0189,125
1666380900000,28.0189,28.0189,27.9937,28.0042,590
1666380960000,28.0042,28.0377,28.0004,28.0271,172
1666381020000,28.0271,28.0383,28.0212,28.0341,222
1666381080000,28.0341,28.0791,28.0341,28.0744,191
1666381140000,28.0744,28.0972,28.0637,28.083,239
1666381200000,28.083,28.1001,28.0764,28.0919,103
1666381260000,28.0919,28.1447,28.0741,28.1265,22910
1666381320000,28.1265,28.1657,28.1247,28.1643,424
1666381380000,28.1643,28.1657,28.1513,28.1614,371
1666381440000,28.1614,28.1917,28.1536,28.1554,729
1666381500000,28.1554,28.1934,28.1554,28.1785,181
1666381560000,28.1785,28.1954,28.1596,28.1725,14356
1666381620000,28.1725,28.1887,28.1658,28.1662,215
1666381680000,28.1662,28.1715,28.151,28.151,243
1666381740000,28.151,28.2135,28.1386,28.1828,1407
1666381800000,28.1828,28.2054,28.1686,28.1843,314
1666381860000,28.1843,28.231,28.1765,28.1951,16463
1666381920000,28.1951,28.1973,28.1661,28.1926,1668
1666381980000,28.1926,28.1962,28.1674,28.1684,234
1666382040000,28.1684,28.1889,28.1345,28.1345,225
1666382100000,28.1345,28.1511,28.1345,28.1481,1262
1666382160000,28.1481,28.1508,28.1286,28.1334,178
1666382220000,28.1334,28.1365,28.1006,28.1146,424
1666382280000,28.1146,28.1306,28.1091,28.1199,114
1666382340000,28.1199,28.151,28.1199,28.1487,248
1666382400000,28.1487,28.2104,28.1487,28.2104,370
1666382460000,28.2104,28.231,28.1878,28.1916,410
1666382520000,28.1916,28.2232,28.18,28.2005,313
1666382580000,28.2005,28.2127,28.1915,28.2084,219
1666382640000,28.2084,28.2138,28.2005,28.2075,199
1666382700000,28.2075,28.2218,28.2009,28.2009,121
1666382760000,28.2009,28.2402,28.2009,28.2086,409
1666382820000,28.2086,28.2404,28.2086,28.24,567
1666382880000,28.24,28.244,28.2286,28.2363,792
1666382940000,28.2363,28.2396,28.2191,28.2191,136
1666383000000,28.2191,28.2402,28.2191,28.2336,253
1666383060000,28.2336,28.2404,28.2211,28.2234,493
1666383120000,28.2234,28.2265,28.1896,28.1896,939
1666383180000,28.1896,28.1955,28.168,28.1761,201
1666383240000,28.1761,28.1864,28.1761,28.1792,140
1666383300000,28.1792,28.2167,28.1786,28.1982,286
1666383360000,28.1982,28.2006,28.1808,28.1916,215
1666383420000,28.1916,28.1916,28.1532,28.1622,279
1666383480000,28.1622,28.1622,28.1267,28.1267,223
1666383540000,28.1267,28.1579,28.1267,28.1425,296
1666383600000,28.1425,28.1632,28.1361,28.1499,302
1666383660000,28.1499,28.1582,28.1373,28.1486,2523
1666383720000,28.1486,28.1612,28.1461,28.1605,140
1666383780000,28.1605,28.2093,28.1567,28.2093,117
1666383840000,28.2093,28.2178,28.2086,28.2138,215
1666383900000,28.2138,28.2138,28.1866,28.1866,159
1666383960000,28.1866,28.193,28.1861,28.1861,146
1666384020000,28.1861,28.2122,28.1861,28.1992,752
1666384080000,28.1992,28.2051,28.1961,28.1967,239
1666384140000,28.1967,28.2114,28.1967,28.2061,273
1666384200000,28.2061,28.211,28.1961,28.2009,308
1666384260000,28.2009,28.2017,28.1961,28.1967,458
1666384320000,28.1967,28.202,28.1833,28.1876,562
1666384380000,28.1876,28.1988,28.1876,28.1929,194
1666384440000,28.1929,28.1932,28.1861,28.1871,290
1666384500000,28.1871,28.1871,28.1675,28.1675,238
1666384560000,28.1675,28.1724,28.1661,28.1714,363
1666384620000,28.1714,28.1714,28.1511,28.1547,376
1666384680000,28.1547,28.1574,28.1411,28.1458,456
1666384740000,28.1458,28.1458,28.1352,28.1372,135
1666384800000,28.1372,28.1596,28.1236,28.1571,278
1666384860000,28.1571,28.1571,28.0961,28.1374,16517
1666384920000,28.1374,28.1402,28.1185,28.1402,183
1666384980000,28.1402,28.1601,28.1363,28.1547,281
1666385040000,28.1547,28.1596,28.1236,28.1328,3541
1666385100000,28.1328,28.1607,28.1305,28.1573,137
1666385160000,28.1573,28.1586,28.1515,28.1554,254
1666385220000,28.1554,28.1808,28.1554,28.1808,1056
1666385280000,28.1808,28.1865,28.1662,28.1695,68
1666385340000,28.1695,28.1695,28.1376,28.1393,167
1666385400000,28.1393,28.1514,28.1336,28.1482,724
1666385460000,28.1482,28.1482,28.1266,28.13,88
1666385520000,28.13,28.1533,28.1214,28.1507,648
1666385580000,28.1507,28.1526,28.1463,28.1484,133
1666385640000,28.1484,28.1624,28.1468,28.1563,137
1666385700000,28.1563,28.1719,28.156,28.1585,212
1666385760000,28.1585,28.1726,28.1585,28.1671,191
1666385820000,28.1671,28.171,28.1577,28.1604,285
1666385880000,28.1604,28.1773,28.1598,28.1726,122
1666385940000,28.1726,28.1756,28.1665,28.1735,164
1666386000000,28.1735,28.1782,28.1536,28.1564,1561
1666386060000,28.1564,28.1613,28.15,28.1523,162
1666386120000,28.1523,28.153,28.15,28.1504,82
1666386180000,28.1504,28.1526,28.15,28.1521,112
1666386240000,28.1521,28.1532,28.1501,28.1515,153
1666386300000,28.1515,28.1895,28.1513,28.1889,174
1666386360000,28.1889,28.1979,28.1848,28.1973,181
1666386420000,28.1973,28.1989,28.1861,28.1861,1338
1666386480000,28.1861,28.1917,28.1813,28.1813,321
1666386540000,28.1813,28.1813,28.1501,28.1594,116
1666386600000,28.1594,28.1639,28.1567,28.1571,120
1666386660000,28.1571,28.1631,28.1561,28.1597,169
1666386720000,28.1597,28.1647,28.1577,28.1606,86
1666386780000,28.1606,28.1669,28.1564,28.1623,106
1666386840000,28.1623,28.1623,28.1286,28.129,751
1666386900000,28.129,28.129,28.1141,28.1181,131
1666386960000,28.1181,28.1232,28.1164,28.118,147
1666387020000,28.118,28.1203,28.1011,28.1189,197
1666387080000,28.1189,28.1282,28.1136,28.1235,276
1666387140000,28.1235,28.1239,28.1092,28.1092,779
1666387200000,28.1092,28.1092,28.095,28.1078,301
1666387260000,28.1078,28.1181,28.1011,28.1165,211
1666387320000,28.1165,28.117,28.1093,28.1148,261
1666387380000,28.1148,28.1148,28.0977,28.0977,966
1666387440000,28.0977,28.0994,28.0653,28.0692,337
1666387500000,28.0692,28.0857,28.0672,28.0762,1916
1666387560000,28.0762,28.0859,28.0653,28.0653,300
1666387620000,28.0653,28.068,28.0529,28.0529,1052
1666387680000,28.0529,28.055,28.0407,28.0407,322
1666387740000,28.0407,28.043,28.0336,28.0343,108
1666387800000,28.0343,28.0683,28.0313,28.0676,298
1666387860000,28.0676,28.0768,28.0635,28.0707,284
1666387920000,28.0707,28.0875,28.0689,28.0848,163
1666387980000,28.0848,28.0869,28.0764,28.0777,246
1666388040000,28.0777,28.0777,28.0337,28.0425,1621
1666388100000,28.0425,28.0433,28.0337,28.0401,541
1666388160000,28.0401,28.0401,28.0262,28.0301,120
1666388220000,28.0301,28.0333,28.0216,28.0216,285
1666388280000,28.0216,28.0283,27.9887,27.9966,1420
1666388340000,27.9966,27.9966,27.9314,27.9414,403
1666388400000,27.9414,27.968,27.9414,27.9655,285
1666388460000,27.9655,27.9655,27.9295,27.9295,1307
1666388520000,27.9295,27.933,27.9237,27.929,388
1666388580000,27.929,27.9299,27.9287,27.9295,321
1666388640000,27.9295,27.9303,27.9141,27.9202,407
1666388700000,27.9202,27.9202,27.8513,27.8563,960
1666388760000,27.8563,27.8679,27.8513,27.8588,1031
1666388820000,27.8588,27.9192,27.8588,27.9192,292
1666388880000,27.9192,27.9892,27.9192,27.9892,1507
1666388940000,27.9892,28.0252,27.9891,28.0247,562
1666389000000,28.0247,28.0283,28.018,28.018,353
1666389060000,28.018,28.0271,28.0137,28.0146,580
1666389120000,28.0146,28.0146,28.0062,28.0115,295
1666389180000,28.0115,28.0122,27.9807,27.9807,183
1666389240000,27.9807,27.9906,27.9662,27.9863,65
1666389300000,27.9863,27.9868,27.97,27.9751,69
1666389360000,27.9751,27.9864,27.9687,27.9739,4423
1666389420000,27.9739,27.9778,27.9712,27.9723,931
1666389480000,27.9723,27.9723,27.9543,27.9577,149
1666389540000,27.9577,27.9627,27.9574,27.9591,106
1666389600000,27.9591,28.0098,27.9567,28.0021,149
1666389660000,28.0021,28.0206,28.0012,28.0206,1251
1666389720000,28.0206,28.027,28.0012,28.005,267
1666389780000,28.005,28.0173,28.003,28.0173,102
1666389840000,28.0173,28.0173,27.9819,27.9972,198
1666389900000,27.9972,28.0004,27.9637,27.9637,174
1666389960000,27.9637,28.0363,27.9637,28.0363,388
1666390020000,28.0363,28.0509,28.0337,28.0508,229
1666390080000,28.0508,28.0723,28.0457,28.0723,250
1666390140000,28.0723,28.079,28.0718,28.0756,80
1666390200000,28.0756,28.0865,28.0738,28.0864,250
1666390260000,28.0864,28.0866,28.0687,28.0692,330
1666390320000,28.0692,28.0733,28.0675,28.07,45
1666390380000,28.07,28.0732,28.0687,28.0695,77
1666390440000,28.0695,28.0732,28.067,28.0695,139
1666390500000,28.0695,28.0921,28.0695,28.0887,326
1666390560000,28.0887,28.1066,28.0887,28.0933,220
1666390620000,28.0933,28.0974,28.0787,28.0848,427
1666390680000,28.0848,28.0859,28.0789,28.0844,37
1666390740000,28.0844,28.1015,28.083,28.0898,309
1666390800000,28.0898,28.1067,28.089,28.1053,166
1666390860000,28.1053,28.1125,28.1023,28.1025,61
1666390920000,28.1025,28.1025,28.0797,28.0801,72
1666390980000,28.0801,28.0961,28.0801,28.0928,79
1666391040000,28.0928,28.1022,28.0886,28.0987,132
1666391100000,28.0987,28.1169,28.0978,28.1105,148
1666391160000,28.1105,28.1172,28.0971,28.0997,143
1666391220000,28.0997,28.1032,28.0664,28.0703,209
1666391280000,28.0703,28.1005,28.0665,28.0998,111
1666391340000,28.0998,28.1393,28.0993,28.1362,200
1666391400000,28.1362,28.1612,28.1319,28.1319,111
1666391460000,28.1319,28.1319,28.1111,28.1133,236
1666391520000,28.1133,28.148,28.1133,28.1365,64
1666391580000,28.1365,28.1365,28.1161,28.1362,275
1666391640000,28.1362,28.1408,28.1144,28.115,166
1666391700000,28.115,28.115,28.0986,28.1045,290
1666391760000,28.1045,28.1045,28.1004,28.1004,138
1666391820000,28.1004,28.1162,28.0995,28.1143,79
1666391880000,28.1143,28.1143,28.0637,28.0637,1392
1666391940000,28.0637,28.0699,28.0603,28.0627,118
1666392000000,28.0627,28.0946,28.0627,28.092,64
1666392060000,28.092,28.0936,28.0889,28.0889,139
1666392120000,28.0889,28.1126,28.0889,28.1056,196
1666392180000,28.1056,28.1078,28.1011,28.1078,118
1666392240000,28.1078,28.1082,28.1016,28.1035,72
1666392300000,28.1035,28.1042,28.0988,28.1029,46
1666392360000,28.1029,28.105,28.0989,28.1042,58
1666392420000,28.1042,28.1044,28.099,28.099,105
1666392480000,28.099,28.1291,28.0988,28.1221,585
1666392540000,28.1221,28.1382,28.1221,28.1316,626
1666392600000,28.1316,28.1459,28.1316,28.1458,60
1666392660000,28.1458,28.1458,28.1286,28.134,116
1666392720000,28.134,28.1356,28.1291,28.132,155
1666392780000,28.132,28.132,28.1016,28.1154,104
1666392840000,28.1154,28.1175,28.1012,28.1018,159
1666392900000,28.1018,28.1069,28.0934,28.0934,200
1666392960000,28.0934,28.0974,28.0869,28.0928,150
1666393020000,28.0928,28.1155,28.0911,28.1138,148
1666393080000,28.1138,28.1354,28.1116,28.1288,110
1666393140000,28.1288,28.1541,28.1288,28.1541,169
1666393200000,28.1541,28.1594,28.1262,28.1311,932
1666393260000,28.1311,28.1311,28.1186,28.1207,125
1666393320000,28.1207,28.1258,28.1161,28.1258,88
1666393380000,28.1258,28.1282,28.1189,28.1263,521
1666393440000,28.1263,28.1263,28.1112,28.1209,114
1666393500000,28.1209,28.1209,28.1087,28.1104,311
1666393560000,28.1104,28.1154,28.1017,28.1143,141
1666393620000,28.1143,28.1321,28.1111,28.1293,145
1666393680000,28.1293,28.1293,28.1186,28.1244,274
1666393740000,28.1244,28.1244,28.0967,28.0967,333
1666393800000,28.0967,28.1114,28.0887,28.1114,168
1666393860000,28.1114,28.1223,28.1074,28.1202,101
1666393920000,28.1202,28.1395,28.1169,28.1331,395
1666393980000,28.1331,28.1458,28.1261,28.131,88
1666394040000,28.131,28.1492,28.1011,28.1021,297
1666394100000,28.1021,28.1107,28.1014,28.1032,125
1666394160000,28.1032,28.1118,28.1011,28.1066,59
1666394220000,28.1066,28.1116,28.1016,28.103,139
1666394280000,28.103,28.103,28.0961,28.1022,387
1666394340000,28.1022,28.1022,28.0537,28.0615,1994
1666394400000,28.0615,28.0665,28.0493,28.0568,215
1666394460000,28.0568,28.066,28.0565,28.0598,131
1666394520000,28.0598,28.0654,28.0587,28.0596,151
1666394580000,28.0596,28.064,28.0588,28.0597,132
1666394640000,28.0597,28.0626,28.0587,28.0618,175
1666394700000,28.0618,28.0778,28.0588,28.0748,159
1666394760000,28.0748,28.0783,28.0688,28.0775,79
1666394820000,28.0775,28.0782,28.0615,28.062,162
1666394880000,28.062,28.0677,28.0616,28.063,124
1666394940000,28.063,28.0953,28.0615,28.0953,175
1666395000000,28.0953,28.1148,28.0918,28.112,86
1666395060000,28.112,28.1181,28.0999,28.1166,155
1666395120000,28.1166,28.1166,28.0998,28.1093,158
1666395180000,28.1093,28.1164,28.0989,28.1008,77
1666395240000,28.1008,28.105,28.0967,28.0969,406
1666395300000,28.0969,28.103,28.0749,28.0749,240
1666395360000,28.0749,28.0758,28.0538,28.0538,121
1666395420000,28.0538,28.0582,28.0514,28.056,172
1666395480000,28.056,28.0683,28.0532,28.0648,944
1666395540000,28.0648,28.0681,28.0527,28.0569,109
1666395600000,28.0569,28.0661,28.0515,28.0643,72
1666395660000,28.0643,28.067,28.0519,28.0559,149
1666395720000,28.0559,28.0559,28.0113,28.014,427
1666395780000,28.014,28.0285,28.0112,28.0253,124
1666395840000,28.0253,28.0278,28.0087,28.0087,241
1666395900000,28.0087,28.0383,28.0019,28.0382,345
1666395960000,28.0382,28.0515,28.0319,28.0464,458
1666396020000,28.0464,28.0661,28.0464,28.0575,224
1666396080000,28.0575,28.0617,28.0404,28.0509,1456
1666396140000,28.0509,28.0583,28.0495,28.0582,156
1666396200000,28.0582,28.0588,28.0394,28.0527,259
1666396260000,28.0527,28.0557,28.0389,28.0517,311
1666396320000,28.0517,28.0666,28.0517,28.0632,330
1666396380000,28.0632,28.0806,28.059,28.0751,165
1666396440000,28.0751,28.0769,28.0712,28.072,345
1666396500000,28.072,28.0861,28.0715,28.0861,351
1666396560000,28.0861,28.1078,28.0792,28.0792,253
1666396620000,28.0792,28.0843,28.074,28.074,374
1666396680000,28.074,28.074,28.0629,28.0713,163
1666396740000,28.0713,28.0766,28.0698,28.0741,493
1666396800000,28.0741,28.1128,28.0741,28.1128,380
1666396860000,28.1128,28.1129,28.0873,28.0873,180
1666396920000,28.0873,28.0873,28.0512,28.0526,217
1666396980000,28.0526,28.0526,28.0318,28.0337,419
1666397040000,28.0337,28.0337,27.9764,27.9908,2838
1666397100000,27.9908,28.0083,27.9908,28.0037,864
1666397160000,28.0037,28.0183,28.0037,28.0128,536
1666397220000,28.0128,28.0178,27.9921,27.9954,222
1666397280000,27.9954,28.0021,27.9837,27.9918,564
1666397340000,27.9918,28.0068,27.9909,28.0026,360
1666397400000,28.0026,28.0203,27.9993,28.0039,1318
1666397460000,28.0039,28.0116,27.9997,27.9997,289
1666397520000,27.9997,28.0181,27.9989,28.0181,304
1666397580000,28.0181,28.0181,28.012,28.017,143
1666397640000,28.017,28.017,27.9906,27.9932,150
1666397700000,27.9932,28.0147,27.9932,28.0123,250
1666397760000,28.0123,28.0246,28.0092,28.0246,665
1666397820000,28.0246,28.0283,28.0188,28.0208,699
1666397880000,28.0208,28.0369,28.0189,28.0342,324
1666397940000,28.0342,28.048,28.0318,28.0437,610
1666398000000,28.0437,28.0597,28.0349,28.0554,369
1666398060000,28.0554,28.0678,28.0554,28.0625,325
1666398120000,28.0625,28.067,28.0613,28.0646,168
1666398180000,28.0646,28.0683,28.0428,28.0463,358
1666398240000,28.0463,28.0463,28.0313,28.0333,550
1666398300000,28.0333,28.0382,28.0198,28.0198,520
1666398360000,28.0198,28.0244,28.0188,28.0216,212
1666398420000,28.0216,28.0361,28.0195,28.0264,1261
1666398480000,28.0264,28.0446,28.0264,28.0446,100
1666398540000,28.0446,28.0662,28.0446,28.0596,879
1666398600000,28.0596,28.0633,28.0493,28.051,307
1666398660000,28.051,28.0868,28.0469,28.0813,374
1666398720000,28.0813,28.1007,28.0813,28.0897,344
1666398780000,28.0897,28.1079,28.0814,28.087,217
1666398840000,28.087,28.0972,28.0765,28.0972,403
1666398900000,28.0972,28.1013,28.08,28.0866,1167
1666398960000,28.0866,28.0866,28.0645,28.0777,427
1666399020000,28.0777,28.0998,28.0777,28.0845,131
1666399080000,28.0845,28.1082,28.0731,28.1079,698
1666399140000,28.1079,28.1126,28.0911,28.1126,159
1666399200000,28.1126,28.1225,28.1071,28.1223,563
1666399260000,28.1223,28.1413,28.1223,28.1306,323
1666399320000,28.1306,28.1399,28.1142,28.128,413
1666399380000,28.128,28.1286,28.0998,28.1042,317
1666399440000,28.1042,28.1047,28.0819,28.0997,643
1666399500000,28.0997,28.1031,28.0936,28.1022,3053
1666399560000,28.1022,28.1061,28.0949,28.0965,327
1666399620000,28.0965,28.0965,28.0437,28.0476,398
1666399680000,28.0476,28.0476,28.019,28.019,391
1666399740000,28.019,28.0333,28.0188,28.0293,539
1666399800000,28.0293,28.058,28.0263,28.054,342
1666399860000,28.054,28.0602,28.0538,28.0602,121
1666399920000,28.0602,28.071,28.0543,28.0696,141
1666399980000,28.0696,28.0787,28.0668,28.0779,583
1666400040000,28.0779,28.0846,28.072,28.0846,563
1666400100000,28.0846,28.0883,28.074,28.0862,518
1666400160000,28.0862,28.0923,28.0782,28.0782,146
1666400220000,28.0782,28.0819,28.0742,28.0796,156
1666400280000,28.0796,28.0823,28.0419,28.0516,1109
1666400340000,28.0516,28.0589,28.0413,28.0541,506
1666400400000,28.0541,28.0603,28.0541,28.0598,81
1666400460000,28.0598,28.0804,28.0598,28.0764,493
1666400520000,28.0764,28.0774,28.0555,28.0623,121
1666400580000,28.0623,28.068,28.0445,28.049,175
1666400640000,28.049,28.049,27.9962,28.0022,1531
1666400700000,28.0022,28.032,28.0018,28.0116,2144
1666400760000,28.0116,28.0449,28.0116,28.0449,213
1666400820000,28.0449,28.0541,28.0444,28.0541,239
1666400880000,28.0541,28.0646,28.0353,28.0366,194
1666400940000,28.0366,28.0404,27.9956,27.9982,447
1666401000000,27.9982,28.0033,27.9913,27.994,1256
1666401060000,27.994,27.9945,27.9649,27.9649,1415
1666401120000,27.9649,27.9799,27.9562,27.9799,1791
1666401180000,27.9799,27.9799,27.9578,27.9664,194
1666401240000,27.9664,27.9797,27.9664,27.9681,127
1666401300000,27.9681,27.9733,27.9637,27.9669,1720
1666401360000,27.9669,27.9875,27.9669,27.9849,193
1666401420000,27.9849,28.0051,27.9784,27.9784,2105
1666401480000,27.9784,27.9784,27.965,27.9672,301
1666401540000,27.9672,27.9672,27.9354,27.9474,1300
1666401600000,27.9474,27.9698,27.9473,27.9576,113
1666401660000,27.9576,27.9577,27.9241,27.9241,206
1666401720000,27.9241,27.9423,27.9162,27.9397,428
1666401780000,27.9397,27.9468,27.9288,27.9308,1504
1666401840000,27.9308,27.9427,27.9215,27.925,70
1666401900000,27.925,27.925,27.9062,27.9123,1137
1666401960000,27.9123,27.915,27.8663,27.8994,1969
1666402020000,27.8994,27.9204,27.8974,27.9112,788
1666402080000,27.9112,27.9214,27.8992,27.9183,167
1666402140000,27.9183,27.9253,27.8945,27.8971,174
1666402200000,27.8971,27.9,27.8941,27.8979,78
1666402260000,27.8979,27.9027,27.8797,27.8797,201
1666402320000,27.8797,27.8847,27.8738,27.8739,241
1666402380000,27.8739,27.8739,27.8114,27.8114,5669
1666402440000,27.8114,27.8114,27.7708,27.8019,5387
1666402500000,27.8019,27.8512,27.7998,27.8338,246
1666402560000,27.8338,27.8533,27.8264,27.8484,160
1666402620000,27.8484,27.8534,27.8439,27.8525,1208
1666402680000,27.8525,27.8546,27.8465,27.8525,109
1666402740000,27.8525,27.8691,27.8439,27.8687,488
1666402800000,27.8687,27.8702,27.8638,27.8638,311
1666402860000,27.8638,27.8749,27.8638,27.867,239
1666402920000,27.867,27.8792,27.8652,27.8784,225
1666402980000,27.8784,27.8784,27.8613,27.8684,111
1666403040000,27.8684,27.9073,27.864,27.9019,98
1666403100000,27.9019,27.9168,27.9012,27.9116,274
1666403160000,27.9116,27.9116,27.8649,27.8966,186
1666403220000,27.8966,27.9004,27.882,27.882,175
1666403280000,27.882,27.8864,27.8615,27.8616,83
1666403340000,27.8616,27.8766,27.8494,27.8764,230
1666403400000,27.8764,27.8884,27.8714,27.8857,151
1666403460000,27.8857,27.889,27.8817,27.889,152
1666403520000,27.889,27.889,27.8693,27.8717,96
1666403580000,27.8717,27.8732,27.8614,27.8671,130
1666403640000,27.8671,27.8671,27.8277,27.8277,162
1666403700000,27.8277,27.8277,27.7533,27.7666,18612
1666403760000,27.7666,27.7836,27.7625,27.7667,251
1666403820000,27.7667,27.7676,27.759,27.7604,242
1666403880000,27.7604,27.7784,27.7573,27.7573,909
1666403940000,27.7573,27.7808,27.7573,27.7613,370
1666404000000,27.7613,27.7794,27.7607,27.7794,294
1666404060000,27.7794,27.7884,27.7714,27.7809,794
1666404120000,27.7809,27.8239,27.7809,27.8239,434
1666404180000,27.8239,27.8258,27.7889,27.7896,332
1666404240000,27.7896,27.8166,27.7896,27.8158,1166
1666404300000,27.8158,27.846,27.8142,27.846,358
1666404360000,27.846,27.8568,27.8392,27.8556,501
1666404420000,27.8556,27.8643,27.8438,27.8532,1351
1666404480000,27.8532,27.8925,27.8532,27.8857,265
1666404540000,27.8857,27.9117,27.8845,27.9014,342
1666404600000,27.9014,27.9163,27.8956,27.8956,218
1666404660000,27.8956,27.9071,27.8913,27.9066,244
1666404720000,27.9066,27.9066,27.8912,27.8979,489
1666404780000,27.8979,27.9055,27.8888,27.8888,193
1666404840000,27.8888,27.897,27.8852,27.8852,96
1666404900000,27.8852,27.888,27.8738,27.8761,94
1666404960000,27.8761,27.8847,27.8761,27.8847,92
1666405020000,27.8847,27.8964,27.8789,27.8951,296
1666405080000,27.8951,27.897,27.8717,27.8837,357
1666405140000,27.8837,27.886,27.8789,27.881,151
1666405200000,27.881,27.8855,27.879,27.8804,127
1666405260000,27.8804,27.8866,27.8298,27.8545,292
1666405320000,27.8545,27.8564,27.8271,27.8271,277
1666405380000,27.8271,27.829,27.8219,27.829,612
1666405440000,27.829,27.8299,27.8178,27.8194,457
1666405500000,27.8194,27.8241,27.8163,27.8221,247
1666405560000,27.8221,27.8221,27.8125,27.8146,504
1666405620000,27.8146,27.8177,27.8115,27.8129,85
1666405680000,27.8129,27.83,27.812,27.8217,189
1666405740000,27.8217,27.8283,27.8217,27.8282,173
1666405800000,27.8282,27.8379,27.8234,27.8339,552
1666405860000,27.8339,27.8595,27.8339,27.8527,551
1666405920000,27.8527,27.8629,27.8513,27.8579,259
1666405980000,27.8579,27.8579,27.8388,27.839,563
1666406040000,27.839,27.8422,27.8226,27.8248,413
1666406100000,27.8248,27.8266,27.7977,27.798,1784
1666406160000,27.798,27.8009,27.7853,27.7962,395
1666406220000,27.7962,27.7962,27.7713,27.7819,413
1666406280000,27.7819,27.7974,27.7813,27.7966,523
1666406340000,27.7966,27.8138,27.7956,27.7956,316
1666406400000,27.7956,27.8006,27.7952,27.8006,229
1666406460000,27.8006,27.8154,27.7983,27.8001,182
1666406520000,27.8001,27.8019,27.7939,27.794,282
1666406580000,27.794,27.8003,27.7836,27.7847,317
1666406640000,27.7847,27.7874,27.7702,27.7827,360
1666406700000,27.7827,27.7892,27.7692,27.7844,432
1666406760000,27.7844,27.7844,27.75,27.7505,242
1666406820000,27.7505,27.7512,27.7266,27.7268,1449
1666406880000,27.7268,27.738,27.6988,27.712,945
1666406940000,27.712,27.7176,27.7089,27.7135,254
1666407000000,27.7135,27.7448,27.7114,27.7223,984
1666407060000,27.7223,27.7264,27.7117,27.7123,111
1666407120000,27.7123,27.7166,27.64,27.6858,18940
1666407180000,27.6858,27.6955,27.6817,27.692,585
1666407240000,27.692,27.6932,27.6839,27.6881,508
1666407300000,27.6881,27.7204,27.6874,27.7134,318
1666407360000,27.7134,27.7158,27.7063,27.7064,155
1666407420000,27.7064,27.7132,27.6752,27.6812,692
1666407480000,27.6812,27.6833,27.6751,27.6784,127
1666407540000,27.6784,27.6882,27.6784,27.6871,194
1666407600000,27.6871,27.6991,27.6701,27.6991,148
1666407660000,27.6991,27.6993,27.6915,27.698,743
1666407720000,27.698,27.7106,27.6848,27.6968,539
1666407780000,27.6968,27.7184,27.6939,27.7093,3752
1666407840000,27.7093,27.7112,27.6944,27.6944,375
1666407900000,27.6944,27.7053,27.6805,27.6805,164
1666407960000,27.6805,27.7055,27.6792,27.703,102
1666408020000,27.703,27.7134,27.6989,27.709,4210
1666408080000,27.709,27.7164,27.709,27.715,170
1666408140000,27.715,27.7162,27.6885,27.6885,255
1666408200000,27.6885,27.7021,27.6885,27.7021,192
1666408260000,27.7021,27.7126,27.6965,27.7113,176
1666408320000,27.7113,27.7318,27.7097,27.7193,249
1666408380000,27.7193,27.7263,27.7168,27.7176,477
1666408440000,27.7176,27.7185,27.7164,27.7175,219
1666408500000,27.7175,27.7409,27.7173,27.7409,126
1666408560000,27.7409,27.7434,27.7339,27.7406,323
1666408620000,27.7406,27.7619,27.7375,27.7619,315
1666408680000,27.7619,27.7678,27.7488,27.7674,175
1666408740000,27.7674,27.781,27.7563,27.781,831
1666408800000,27.781,27.7815,27.7748,27.7767,187
1666408860000,27.7767,27.7769,27.7644,27.7645,585
1666408920000,27.7645,27.7646,27.75,27.7551,315
1666408980000,27.7551,27.7706,27.7551,27.7618,1228
1666409040000,27.7618,27.7623,27.7538,27.7577,214
1666409100000,27.7577,27.7577,27.7307,27.7427,180
1666409160000,27.7427,27.7429,27.7278,27.7303,238
1666409220000,27.7303,27.733,27.7268,27.7268,129
1666409280000,27.7268,27.7417,27.7268,27.7381,164
1666409340000,27.7381,27.7426,27.7291,27.731,78
1666409400000,27.731,27.731,27.7188,27.7223,201
1666409460000,27.7223,27.7499,27.7207,27.7499,239
1666409520000,27.7499,27.7502,27.7345,27.7356,57
1666409580000,27.7356,27.7356,27.7144,27.7159,275
1666409640000,27.7159,27.7279,27.7158,27.7241,128
1666409700000,27.7241,27.7293,27.7241,27.7242,89
1666409760000,27.7242,27.7294,27.7239,27.728,205
1666409820000,27.728,27.7334,27.722,27.7226,333
1666409880000,27.7226,27.7283,27.721,27.7217,221
1666409940000,27.7217,27.7224,27.7201,27.7203,209
1666410000000,27.7203,27.7228,27.72,27.7209,114
1666410060000,27.7209,27.7225,27.72,27.7206,220
1666410120000,27.7206,27.7227,27.72,27.7214,170
1666410180000,27.7214,27.7224,27.6913,27.6946,1987
1666410240000,27.6946,27.6999,27.6943,27.6952,191
1666410300000,27.6952,27.7099,27.6949,27.7095,171
1666410360000,27.7095,27.7207,27.7047,27.7181,461
1666410420000,27.7181,27.7391,27.7181,27.7379,124
1666410480000,27.7379,27.7478,27.7376,27.7465,215
1666410540000,27.7465,27.7644,27.7443,27.754,107
1666410600000,27.754,27.7604,27.754,27.7588,97
1666410660000,27.7588,27.7667,27.7513,27.7619,1023
1666410720000,27.7619,27.7775,27.7619,27.7664,498
1666410780000,27.7664,27.7815,27.7664,27.7799,221
1666410840000,27.7799,27.7814,27.7569,27.7578,266
1666410900000,27.7578,27.7722,27.7578,27.7722,66
1666410960000,27.7722,27.7727,27.767,27.7718,55
1666411020000,27.7718,27.7723,27.7664,27.7707,57
1666411080000,27.7707,27.8019,27.7669,27.8019,99
1666411140000,27.8019,27.8021,27.7875,27.7909,122
1666411200000,27.7909,27.8324,27.7842,27.8324,5812
1666411260000,27.8324,27.8637,27.8315,27.849,202
1666411320000,27.849,27.8499,27.8054,27.807,116
1666411380000,27.807,27.8116,27.7916,27.7927,147
1666411440000,27.7927,27.7971,27.7789,27.7865,187
1666411500000,27.7865,27.7912,27.7719,27.7719,160
1666411560000,27.7719,27.7799,27.7701,27.7751,88
1666411620000,27.7751,27.791,27.7738,27.7885,807
1666411680000,27.7885,27.8,27.7864,27.7942,240
1666411740000,27.7942,27.7992,27.7942,27.7992,165
1666411800000,27.7992,27.7995,27.7944,27.7981,68
1666411860000,27.7981,27.8001,27.7939,27.7971,63
1666411920000,27.7971,27.7977,27.7948,27.7952,102
1666411980000,27.7952,27.7952,27.7938,27.7944,86
1666412040000,27.7944,27.8094,27.7939,27.8044,1138
1666412100000,27.8044,27.8109,27.8044,27.81,200
1666412160000,27.81,27.8109,27.8098,27.8103,146
1666412220000,27.8103,27.8103,27.7851,27.7851,383
1666412280000,27.7851,27.7881,27.7601,27.7726,257
1666412340000,27.7726,27.7772,27.7618,27.7644,165
1666412400000,27.7644,27.7792,27.7644,27.7716,98
1666412460000,27.7716,27.7773,27.7714,27.7714,59
1666412520000,27.7714,27.7755,27.7508,27.752,51
1666412580000,27.752,27.7584,27.7502,27.754,425
1666412640000,27.754,27.7722,27.754,27.7658,74
1666412700000,27.7658,27.7712,27.7646,27.7678,145
1666412760000,27.7678,27.7703,27.7553,27.7574,73
1666412820000,27.7574,27.7591,27.7552,27.7565,35
1666412880000,27.7565,27.7593,27.7553,27.7576,42
1666412940000,27.7576,27.7601,27.7553,27.7601,108
1666413000000,27.7601,27.761,27.7541,27.7578,119
1666413060000,27.7578,27.7674,27.7538,27.7641,427
1666413120000,27.7641,27.7862,27.7641,27.7862,88
1666413180000,27.7862,27.788,27.7732,27.7732,85
1666413240000,27.7732,27.7752,27.7638,27.7681,407
1666413300000,27.7681,27.7734,27.7639,27.7662,896
1666413360000,27.7662,27.7704,27.7516,27.7516,79
1666413420000,27.7516,27.7581,27.7502,27.7514,136
1666413480000,27.7514,27.7514,27.7438,27.7498,883
1666413540000,27.7498,27.7558,27.7468,27.7521,98
1666413600000,27.7521,27.7524,27.7477,27.7492,165
1666413660000,27.7492,27.7572,27.7438,27.7549,365
1666413720000,27.7549,27.7609,27.754,27.7554,76
1666413780000,27.7554,27.8008,27.7554,27.798,165
1666413840000,27.798,27.798,27.7792,27.7809,176
1666413900000,27.7809,27.7834,27.7636,27.7661,709
1666413960000,27.7661,27.7679,27.7596,27.7619,102
1666414020000,27.7619,27.7644,27.7518,27.7543,60
1666414080000,27.7543,27.7563,27.744,27.7493,76
1666414140000,27.7493,27.7627,27.7466,27.7627,167
1666414200000,27.7627,27.7627,27.7568,27.761,139
1666414260000,27.761,27.761,27.7267,27.7284,123
1666414320000,27.7284,27.7284,27.7132,27.7154,397
1666414380000,27.7154,27.7173,27.6977,27.6977,189
1666414440000,27.6977,27.7072,27.6938,27.6977,203
1666414500000,27.6977,27.7005,27.6889,27.6977,178
1666414560000,27.6977,27.7092,27.6942,27.6982,306
1666414620000,27.6982,27.6982,27.6764,27.6895,751
1666414680000,27.6895,27.6895,27.6842,27.6874,121
1666414740000,27.6874,27.6893,27.674,27.6775,192
1666414800000,27.6775,27.7099,27.6775,27.7099,252
1666414860000,27.7099,27.7283,27.7057,27.7073,82
1666414920000,27.7073,27.711,27.6745,27.6772,141
1666414980000,27.6772,27.6821,27.6458,27.6458,393
1666415040000,27.6458,27.6493,27.624,27.6486,945
1666415100000,27.6486,27.6893,27.6434,27.6893,282
1666415160000,27.6893,27.6905,27.6892,27.69,250
1666415220000,27.69,27.6971,27.6892,27.6937,132
1666415280000,27.6937,27.701,27.6937,27.6974,69
1666415340000,27.6974,27.6995,27.6917,27.6958,412
1666415400000,27.6958,27.7084,27.6938,27.6978,3921
1666415460000,27.6978,27.7043,27.6944,27.6989,134
1666415520000,27.6989,27.7181,27.6989,27.7109,163
1666415580000,27.7109,27.718,27.6729,27.6729,351
1666415640000,27.6729,27.6757,27.6654,27.6654,144
1666415700000,27.6654,27.6665,27.6591,27.6602,318
1666415760000,27.6602,27.6656,27.6303,27.634,221
1666415820000,27.634,27.6457,27.6299,27.6425,206
1666415880000,27.6425,27.6609,27.6415,27.6583,120
1666415940000,27.6583,27.6785,27.6475,27.6485,124
1666416000000,27.6485,27.6562,27.5665,27.5919,12551
1666416060000,27.5919,27.6236,27.494,27.5043,20813
1666416120000,27.5043,27.531,27.4741,27.5231,4189
1666416180000,27.5231,27.545,27.5215,27.5343,713
1666416240000,27.5343,27.5343,27.4915,27.5105,1297
1666416300000,27.5105,27.5386,27.5013,27.5124,428
1666416360000,27.5124,27.5284,27.5115,27.5213,711
1666416420000,27.5213,27.5241,27.4904,27.4932,2854
1666416480000,27.4932,27.4934,27.4466,27.4634,3094
1666416540000,27.4634,27.4971,27.4634,27.4971,202
1666416600000,27.4971,27.5384,27.4915,27.5383,632
1666416660000,27.5383,27.5574,27.538,27.5427,749
1666416720000,27.5427,27.5427,27.5115,27.5236,624
1666416780000,27.5236,27.5484,27.5236,27.5436,581
1666416840000,27.5436,27.6084,27.5422,27.6031,9339
1666416900000,27.6031,27.6237,27.5958,27.5958,1286
1666416960000,27.5958,27.5972,27.5626,27.5742,156
1666417020000,27.5742,27.5793,27.5715,27.5793,660
1666417080000,27.5793,27.5818,27.572,27.575,283
1666417140000,27.575,27.5963,27.5719,27.5963,866
1666417200000,27.5963,27.6168,27.5824,27.6097,139
1666417260000,27.6097,27.6147,27.5745,27.5745,162
1666417320000,27.5745,27.6078,27.5694,27.6078,740
1666417380000,27.6078,27.6134,27.6025,27.6061,1384
1666417440000,27.6061,27.6265,27.6048,27.6209,171
1666417500000,27.6209,27.6235,27.6118,27.6161,658
1666417560000,27.6161,27.6177,27.606,27.6078,339
1666417620000,27.6078,27.6113,27.5932,27.5932,324
1666417680000,27.5932,27.5997,27.5744,27.5774,2515
1666417740000,27.5774,27.5984,27.5774,27.5907,594
1666417800000,27.5907,27.5907,27.5773,27.5832,208
1666417860000,27.5832,27.585,27.5615,27.5615,600
1666417920000,27.5615,27.5839,27.5615,27.5815,82
1666417980000,27.5815,27.5837,27.5645,27.5697,40
1666418040000,27.5697,27.5745,27.5645,27.5744,20
1666418100000,27.5744,27.5784,27.5722,27.5746,540
1666418160000,27.5746,27.597,27.5722,27.5922,152
1666418220000,27.5922,27.5984,27.5922,27.5982,290
1666418280000,27.5982,27.5983,27.5971,27.5976,23
1666418340000,27.5976,27.6013,27.5923,27.5961,34
1666418400000,27.5961,27.6033,27.5719,27.6033,306
1666418460000,27.6033,27.6349,27.6015,27.6349,1487
1666418520000,27.6349,27.6405,27.628,27.6288,76
1666418580000,27.6288,27.6422,27.624,27.6286,689
1666418640000,27.6286,27.6294,27.6091,27.6121,91
1666418700000,27.6121,27.616,27.6079,27.6117,82
1666418760000,27.6117,27.6325,27.609,27.6325,584
1666418820000,27.6325,27.6529,27.6271,27.6529,611
1666418880000,27.6529,27.6768,27.6492,27.6768,128
1666418940000,27.6768,27.6884,27.669,27.685,1166
1666419000000,27.685,27.6999,27.6641,27.6971,66
1666419060000,27.6971,27.6976,27.6767,27.6767,130
1666419120000,27.6767,27.6767,27.6599,27.6655,132
1666419180000,27.6655,27.6669,27.6592,27.6632,67
1666419240000,27.6632,27.6784,27.6623,27.6769,602
1666419300000,27.6769,27.6992,27.6729,27.6989,105
1666419360000,27.6989,27.7001,27.6909,27.6961,88
1666419420000,27.6961,27.7052,27.6926,27.7052,42
1666419480000,27.7052,27.7078,27.7019,27.7056,47
1666419540000,27.7056,27.7172,27.7017,27.7135,84
1666419600000,27.7135,27.7177,27.7059,27.7059,66
1666419660000,27.7059,27.7062,27.7059,27.706,296
1666419720000,27.706,27.7085,27.706,27.7066,26
1666419780000,27.7066,27.7084,27.7,27.7,382
1666419840000,27.7,27.7,27.6633,27.6633,176
1666419900000,27.6633,27.668,27.6415,27.6462,74
1666419960000,27.6462,27.6617,27.6391,27.6617,174
1666420020000,27.6617,27.6679,27.6596,27.6642,69
1666420080000,27.6642,27.674,27.6493,27.674,56
1666420140000,27.674,27.674,27.6642,27.6695,53
1666420200000,27.6695,27.6768,27.6644,27.6768,117
1666420260000,27.6768,27.6897,27.6745,27.6897,58
1666420320000,27.6897,27.6954,27.679,27.6815,71
1666420380000,27.6815,27.6837,27.6766,27.6775,68
1666420440000,27.6775,27.6872,27.6769,27.6872,44
1666420500000,27.6872,27.6896,27.6675,27.6707,71
1666420560000,27.6707,27.6798,27.6692,27.6743,78
1666420620000,27.6743,27.6765,27.6691,27.6743,44
1666420680000,27.6743,27.6762,27.6698,27.6735,19
1666420740000,27.6735,27.6763,27.6694,27.6724,32
1666420800000,27.6724,27.6748,27.6694,27.6712,60
1666420860000,27.6712,27.6893,27.6691,27.6871,71
1666420920000,27.6871,27.6895,27.6767,27.6773,41
1666420980000,27.6773,27.6923,27.6766,27.6891,532
1666421040000,27.6891,27.6999,27.6863,27.6974,170
1666421100000,27.6974,27.7098,27.6923,27.7098,253
1666421160000,27.7098,27.7111,27.7041,27.7079,74
1666421220000,27.7079,27.7134,27.7003,27.7021,92
1666421280000,27.7021,27.7066,27.6988,27.6998,223
1666421340000,27.6998,27.7139,27.699,27.7132,26
1666421400000,27.7132,27.7155,27.7093,27.7135,36
1666421460000,27.7135,27.7376,27.7101,27.7357,252
1666421520000,27.7357,27.7419,27.7206,27.728,179
1666421580000,27.728,27.7334,27.7165,27.7205,192
1666421640000,27.7205,27.7295,27.7194,27.7194,157
1666421700000,27.7194,27.7334,27.7194,27.7326,72
1666421760000,27.7326,27.7333,27.7267,27.7308,135
1666421820000,27.7308,27.7341,27.7238,27.7238,113
1666421880000,27.7238,27.7239,27.7238,27.7238,122
1666421940000,27.7238,27.7239,27.7238,27.7239,150
1666422000000,27.7239,27.7342,27.7238,27.7308,84
1666422060000,27.7308,27.7552,27.7308,27.7515,178
1666422120000,27.7515,27.7658,27.7515,27.764,195
1666422180000,27.764,27.7675,27.7495,27.7562,61
1666422240000,27.7562,27.7562,27.7432,27.7478,128
1666422300000,27.7478,27.7582,27.7471,27.7569,313
1666422360000,27.7569,27.7678,27.7534,27.7665,197
1666422420000,27.7665,27.7697,27.7638,27.7644,181
1666422480000,27.7644,27.7784,27.7641,27.7744,737
1666422540000,27.7744,27.7874,27.7694,27.783,153
1666422600000,27.783,27.788,27.7813,27.7857,236
1666422660000,27.7857,27.7902,27.7813,27.7899,266
1666422720000,27.7899,27.7951,27.7818,27.7842,374
1666422780000,27.7842,27.7943,27.7838,27.7902,107
1666422840000,27.7902,27.7968,27.7902,27.7965,72
1666422900000,27.7965,27.8166,27.7949,27.8142,427
1666422960000,27.8142,27.8224,27.8093,27.8093,246
1666423020000,27.8093,27.8163,27.7849,27.7902,224
1666423080000,27.7902,27.7902,27.7563,27.7586,596
1666423140000,27.7586,27.7636,27.7563,27.7612,908
1666423200000,27.7612,27.7638,27.7563,27.7627,119
1666423260000,27.7627,27.764,27.7313,27.7369,316
1666423320000,27.7369,27.7369,27.7295,27.7295,86
1666423380000,27.7295,27.7488,27.7295,27.7478,36
1666423440000,27.7478,27.7518,27.7307,27.7343,318
1666423500000,27.7343,27.7417,27.7069,27.7088,255
1666423560000,27.7088,27.7408,27.7067,27.7364,136
1666423620000,27.7364,27.7399,27.729,27.7357,552
1666423680000,27.7357,27.7361,27.7113,27.7131,934
1666423740000,27.7131,27.7303,27.711,27.7238,68
1666423800000,27.7238,27.7284,27.7196,27.7284,86
1666423860000,27.7284,27.7534,27.7224,27.752,148
1666423920000,27.752,27.752,27.7193,27.723,615
1666423980000,27.723,27.7347,27.7166,27.7347,137
1666424040000,27.7347,27.7366,27.7294,27.734,173
1666424100000,27.734,27.7366,27.7295,27.7341,165
1666424160000,27.7341,27.7383,27.729,27.736,178
1666424220000,27.736,27.736,27.729,27.7338,64
1666424280000,27.7338,27.7355,27.719,27.724,100
1666424340000,27.724,27.7245,27.7167,27.7229,239
1666424400000,27.7229,27.7229,27.6973,27.7009,128
1666424460000,27.7009,27.7034,27.694,27.7012,247
1666424520000,27.7012,27.7012,27.6889,27.6911,462
1666424580000,27.6911,27.6973,27.6889,27.6899,424
1666424640000,27.6899,27.6955,27.663,27.6796,1079
1666424700000,27.6796,27.6956,27.6612,27.6899,1951
1666424760000,27.6899,27.7049,27.6899,27.7005,108
1666424820000,27.7005,27.7283,27.7,27.7226,80
1666424880000,27.7226,27.7357,27.7213,27.7256,490
1666424940000,27.7256,27.7284,27.7215,27.7258,153
1666425000000,27.7258,27.7367,27.7224,27.7364,104
1666425060000,27.7364,27.7661,27.7319,27.7647,98
1666425120000,27.7647,27.7778,27.7647,27.774,139
1666425180000,27.774,27.7839,27.772,27.7753,95
1666425240000,27.7753,27.7775,27.7695,27.7754,63
1666425300000,27.7754,27.7875,27.7738,27.7869,487
1666425360000,27.7869,27.7935,27.7759,27.7784,1012
1666425420000,27.7784,27.7847,27.7707,27.7829,45
1666425480000,27.7829,27.7829,27.7614,27.7614,53
1666425540000,27.7614,27.7668,27.7331,27.7336,189
1666425600000,27.7336,27.7781,27.7322,27.7767,1176
1666425660000,27.7767,27.7772,27.7688,27.7724,138
1666425720000,27.7724,27.8113,27.7613,27.8075,263
1666425780000,27.8075,27.8104,27.7993,27.8033,711
1666425840000,27.8033,27.8274,27.8008,27.8272,123
1666425900000,27.8272,27.8333,27.824,27.826,1529
1666425960000,27.826,27.8316,27.8163,27.829,128
1666426020000,27.829,27.8346,27.8266,27.8325,124
1666426080000,27.8325,27.8325,27.8188,27.8243,838
1666426140000,27.8243,27.8892,27.8208,27.8516,17054
1666426200000,27.8516,27.8566,27.8501,27.8502,93
1666426260000,27.8502,27.8502,27.7988,27.8166,1863
1666426320000,27.8166,27.8174,27.7976,27.8033,147
1666426380000,27.8033,27.8058,27.7875,27.7875,84
1666426440000,27.7875,27.7976,27.7875,27.7931,520
1666426500000,27.7931,27.7976,27.7875,27.7875,181
1666426560000,27.7875,27.7875,27.7746,27.7746,1139
1666426620000,27.7746,27.7816,27.7638,27.7647,329
1666426680000,27.7647,27.7734,27.7538,27.7678,1125
1666426740000,27.7678,27.7767,27.7619,27.7767,56
1666426800000,27.7767,27.8041,27.7767,27.7995,836
1666426860000,27.7995,27.8166,27.7995,27.805,395
1666426920000,27.805,27.8132,27.8013,27.8132,525
1666426980000,27.8132,27.8284,27.8132,27.8226,589
1666427040000,27.8226,27.839,27.8226,27.8367,94
1666427100000,27.8367,27.8379,27.8325,27.8366,66
1666427160000,27.8366,27.8383,27.8325,27.8349,152
1666427220000,27.8349,27.846,27.8349,27.8421,102
1666427280000,27.8421,27.8441,27.8314,27.8326,139
1666427340000,27.8326,27.8331,27.8172,27.8203,224
1666427400000,27.8203,27.8203,27.8114,27.8125,123
1666427460000,27.8125,27.8125,27.7929,27.7999,274
1666427520000,27.7999,27.8047,27.7927,27.7944,82
1666427580000,27.7944,27.7981,27.7738,27.7803,207
1666427640000,27.7803,27.7986,27.774,27.7986,53
1666427700000,27.7986,27.8084,27.7986,27.8068,841
1666427760000,27.8068,27.8097,27.7939,27.7973,163
1666427820000,27.7973,27.7988,27.7914,27.7914,85
1666427880000,27.7914,27.7914,27.784,27.784,56
1666427940000,27.784,27.7869,27.7809,27.7809,134
1666428000000,27.7809,27.7867,27.7791,27.7827,231
1666428060000,27.7827,27.7867,27.7814,27.7843,65
1666428120000,27.7843,27.8007,27.7805,27.8007,3646
1666428180000,27.8007,27.8059,27.7965,27.7998,99
1666428240000,27.7998,27.8073,27.7993,27.8043,48
1666428300000,27.8043,27.8066,27.7913,27.7977,133
1666428360000,27.7977,27.7977,27.7822,27.7842,169
1666428420000,27.7842,27.7892,27.7716,27.7761,94
1666428480000,27.7761,27.7845,27.7739,27.7804,138
1666428540000,27.7804,27.7988,27.7713,27.7988,798
1666428600000,27.7988,27.7988,27.7913,27.7928,364
1666428660000,27.7928,27.7981,27.7813,27.7958,7654
1666428720000,27.7958,27.7977,27.7914,27.7933,49
1666428780000,27.7933,27.7955,27.7917,27.7952,77
1666428840000,27.7952,27.7952,27.7913,27.7927,50
1666428900000,27.7927,27.7963,27.7862,27.7917,69
1666428960000,27.7917,27.8046,27.7916,27.8046,35
1666429020000,27.8046,27.8075,27.794,27.8062,86
1666429080000,27.8062,27.8099,27.8013,27.8093,881
1666429140000,27.8093,27.8258,27.8093,27.8145,3583
1666429200000,27.8145,27.8231,27.8117,27.8208,140
1666429260000,27.8208,27.8224,27.8138,27.8166,64
1666429320000,27.8166,27.8206,27.8066,27.8123,43
1666429380000,27.8123,27.8123,27.8016,27.8041,249
1666429440000,27.8041,27.8083,27.8016,27.8024,77
1666429500000,27.8024,27.8195,27.8021,27.809,47
1666429560000,27.809,27.809,27.7939,27.7974,78
1666429620000,27.7974,27.8032,27.7824,27.7824,63
1666429680000,27.7824,27.7857,27.755,27.767,67
1666429740000,27.767,27.7684,27.7467,27.7467,115
1666429800000,27.7467,27.7668,27.7449,27.766,84
1666429860000,27.766,27.7669,27.7525,27.7525,60
1666429920000,27.7525,27.7564,27.7015,27.7202,5965
1666429980000,27.7202,27.7434,27.7202,27.7296,127
1666430040000,27.7296,27.7362,27.7289,27.733,70
1666430100000,27.733,27.763,27.7295,27.763,99
1666430160000,27.763,27.7748,27.7594,27.77,90
1666430220000,27.77,27.7762,27.7582,27.7586,82
1666430280000,27.7586,27.7587,27.758,27.7581,147
1666430340000,27.7581,27.7767,27.7581,27.7695,352
1666430400000,27.7695,27.7769,27.7689,27.7748,183
1666430460000,27.7748,27.7763,27.7694,27.7735,18
1666430520000,27.7735,27.7784,27.769,27.778,289
1666430580000,27.778,27.7873,27.7765,27.787,142
1666430640000,27.787,27.7968,27.7746,27.7746,95
1666430700000,27.7746,27.7818,27.7535,27.7539,153
1666430760000,27.7539,27.7808,27.7534,27.7718,111
1666430820000,27.7718,27.7731,27.7589,27.7637,73
1666430880000,27.7637,27.7637,27.7394,27.7404,110
1666430940000,27.7404,27.7452,27.7127,27.737,71
1666431000000,27.737,27.7465,27.7315,27.7465,94
1666431060000,27.7465,27.756,27.7393,27.7517,55
1666431120000,27.7517,27.7636,27.7517,27.7636,44
1666431180000,27.7636,27.7769,27.76,27.7726,84
1666431240000,27.7726,27.7867,27.7713,27.7867,2126
1666431300000,27.7867,27.7965,27.7864,27.7943,64
1666431360000,27.7943,27.7971,27.7846,27.7914,38
1666431420000,27.7914,27.8264,27.7901,27.8264,92
1666431480000,27.8264,27.8314,27.819,27.8275,73
1666431540000,27.8275,27.8317,27.8238,27.8302,238
1666431600000,27.8302,27.8309,27.8244,27.8291,31
1666431660000,27.8291,27.8299,27.8113,27.8135,62
1666431720000,27.8135,27.8175,27.7942,27.7988,755
1666431780000,27.7988,27.8131,27.7988,27.8105,64
1666431840000,27.8105,27.8318,27.8101,27.8318,2726
1666431900000,27.8318,27.8369,27.8202,27.8329,143
1666431960000,27.8329,27.8372,27.8296,27.8344,150
1666432020000,27.8344,27.84,27.8323,27.8389,61
1666432080000,27.8389,27.8571,27.8389,27.8497,159
1666432140000,27.8497,27.8497,27.8199,27.8199,79
1666432200000,27.8199,27.8266,27.7982,27.7982,78
1666432260000,27.7982,27.7982,27.7789,27.7789,63
1666432320000,27.7789,27.7869,27.7789,27.7799,101
1666432380000,27.7799,27.7858,27.7536,27.7536,34
1666432440000,27.7536,27.764,27.752,27.7619,75
1666432500000,27.7619,27.7723,27.7571,27.7631,127
1666432560000,27.7631,27.7631,27.7488,27.7496,151
1666432620000,27.7496,27.7576,27.7496,27.754,134
1666432680000,27.754,27.7582,27.7515,27.7554,124
1666432740000,27.7554,27.7582,27.7188,27.7434,442
1666432800000,27.7434,27.7573,27.7303,27.7573,156
1666432860000,27.7573,27.7697,27.7573,27.7622,87
1666432920000,27.7622,27.7781,27.7595,27.7768,343
1666432980000,27.7768,27.7865,27.7718,27.7865,70
1666433040000,27.7865,27.8045,27.7795,27.7879,101
1666433100000,27.7879,27.789,27.7813,27.785,507
1666433160000,27.785,27.7977,27.7814,27.7882,163
1666433220000,27.7882,27.7882,27.7543,27.7543,234
1666433280000,27.7543,27.7699,27.7543,27.755,50
1666433340000,27.755,27.7731,27.755,27.7715,52
1666433400000,27.7715,27.7914,27.7715,27.7896,53
1666433460000,27.7896,27.8015,27.787,27.7977,104
1666433520000,27.7977,27.8017,27.7944,27.8009,103
1666433580000,27.8009,27.8009,27.7998,27.7999,144
1666433640000,27.7999,27.8031,27.799,27.799,91
1666433700000,27.799,27.8047,27.7839,27.7919,67
1666433760000,27.7919,27.8112,27.7919,27.8001,535
1666433820000,27.8001,27.8057,27.7995,27.8055,198
1666433880000,27.8055,27.8115,27.7991,27.8075,127
1666433940000,27.8075,27.8114,27.8064,27.8065,159
1666434000000,27.8065,27.8112,27.8063,27.811,135
1666434060000,27.811,27.8117,27.8063,27.8109,103
1666434120000,27.8109,27.8109,27.7898,27.7898,154
1666434180000,27.7898,27.8051,27.7889,27.8048,152
1666434240000,27.8048,27.8063,27.8008,27.8019,99
1666434300000,27.8019,27.8072,27.799,27.8072,53
1666434360000,27.8072,27.8088,27.7946,27.7977,113
1666434420000,27.7977,27.8132,27.7964,27.8131,145
1666434480000,27.8131,27.8133,27.8075,27.8129,94
1666434540000,27.8129,27.8257,27.8075,27.8199,149
1666434600000,27.8199,27.8262,27.8173,27.8217,76
1666434660000,27.8217,27.827,27.8192,27.8195,122
1666434720000,27.8195,27.8393,27.8195,27.8385,208
1666434780000,27.8385,27.8427,27.8344,27.8427,53
1666434840000,27.8427,27.8694,27.8407,27.8689,194
1666434900000,27.8689,27.87,27.8623,27.868,179
1666434960000,27.868,27.8767,27.8663,27.8724,675
1666435020000,27.8724,27.8783,27.8452,27.8452,117
1666435080000,27.8452,27.8483,27.8357,27.8357,126
1666435140000,27.8357,27.8424,27.8338,27.8388,158
1666435200000,27.8388,27.8513,27.8338,27.8427,121
1666435260000,27.8427,27.8465,27.8254,27.8254,142
1666435320000,27.8254,27.8358,27.8254,27.8327,139
1666435380000,27.8327,27.8473,27.8326,27.8402,55
1666435440000,27.8402,27.8469,27.8389,27.8462,96
1666435500000,27.8462,27.8608,27.8292,27.8292,237
1666435560000,27.8292,27.8473,27.8264,27.8442,74
1666435620000,27.8442,27.866,27.8426,27.8653,240
1666435680000,27.8653,27.8758,27.8573,27.8746,96
1666435740000,27.8746,27.8782,27.854,27.8552,596
1666435800000,27.8552,27.8678,27.8502,27.8655,104
1666435860000,27.8655,27.8662,27.836,27.8396,73
1666435920000,27.8396,27.8399,27.8288,27.8288,70
1666435980000,27.8288,27.8652,27.8288,27.8438,2292
1666436040000,27.8438,27.8552,27.8213,27.8255,1011
1666436100000,27.8255,27.8482,27.8213,27.8414,67
1666436160000,27.8414,27.8494,27.8413,27.8494,220
1666436220000,27.8494,27.8884,27.8492,27.8813,464
1666436280000,27.8813,27.8813,27.8588,27.8614,288
1666436340000,27.8614,27.8692,27.8613,27.8688,247
1666436400000,27.8688,27.9062,27.8688,27.8994,329
1666436460000,27.8994,27.9206,27.8979,27.9052,1327
1666436520000,27.9052,27.9183,27.9041,27.914,733
1666436580000,27.914,27.92,27.9037,27.9106,51
1666436640000,27.9106,27.9463,27.8979,27.9144,815
1666436700000,27.9144,27.9329,27.9129,27.9298,100
1666436760000,27.9298,27.9409,27.9124,27.9346,3544
1666436820000,27.9346,27.9402,27.9346,27.9402,67
1666436880000,27.9402,27.9501,27.9376,27.9448,603
1666436940000,27.9448,27.9473,27.9237,27.9301,347
1666437000000,27.9301,27.9359,27.9062,27.9062,240
1666437060000,27.9062,27.9231,27.9062,27.9167,281
1666437120000,27.9167,27.9233,27.9081,27.9103,150
1666437180000,27.9103,27.9119,27.8798,27.8878,41
1666437240000,27.8878,27.8951,27.8663,27.8694,117
1666437300000,27.8694,27.8731,27.8638,27.8717,421
1666437360000,27.8717,27.9099,27.8717,27.9029,554
1666437420000,27.9029,27.9094,27.896,27.9038,268
1666437480000,27.9038,27.9133,27.9038,27.9045,664
1666437540000,27.9045,27.9255,27.9045,27.9201,1396
1666437600000,27.9201,27.9296,27.9103,27.912,69
1666437660000,27.912,27.9128,27.9012,27.9019,103
1666437720000,27.9019,27.9108,27.9016,27.9027,112
1666437780000,27.9027,27.9114,27.8952,27.9098,205
1666437840000,27.9098,27.9175,27.8943,27.8976,89
1666437900000,27.8976,27.903,27.8963,27.8993,44
1666437960000,27.8993,27.903,27.8872,27.8916,26
1666438020000,27.8916,27.8924,27.8838,27.8874,196
1666438080000,27.8874,27.8896,27.879,27.8818,45
1666438140000,27.8818,27.8858,27.8745,27.8784,357
1666438200000,27.8784,27.8833,27.8784,27.8792,57
1666438260000,27.8792,27.885,27.8438,27.8489,5241
1666438320000,27.8489,27.864,27.8438,27.864,2815
1666438380000,27.864,27.8784,27.8613,27.8784,377
1666438440000,27.8784,27.8911,27.8716,27.8897,94
1666438500000,27.8897,27.9015,27.8888,27.9008,385
1666438560000,27.9008,27.9045,27.8937,27.8983,198
1666438620000,27.8983,27.9183,27.8979,27.91,1047
1666438680000,27.91,27.91,27.8979,27.9011,28
1666438740000,27.9011,27.9234,27.9011,27.9234,52
1666438800000,27.9234,27.9434,27.9112,27.9433,880
1666438860000,27.9433,27.9467,27.9094,27.9224,140
1666438920000,27.9224,27.9363,27.9143,27.9268,82
1666438980000,27.9268,27.9275,27.9112,27.9193,333
1666439040000,27.9193,27.9382,27.9193,27.9382,89
1666439100000,27.9382,27.9518,27.9346,27.9517,141
1666439160000,27.9517,27.9517,27.9437,27.9514,105
1666439220000,27.9514,27.9815,27.95,27.9729,1216
1666439280000,27.9729,27.976,27.9437,27.9475,153
1666439340000,27.9475,27.9744,27.9475,27.9641,43
1666439400000,27.9641,27.9681,27.9438,27.9478,78
1666439460000,27.9478,27.9507,27.9437,27.9507,370
1666439520000,27.9507,27.9526,27.9343,27.9389,74
1666439580000,27.9389,27.942,27.9237,27.9237,1034
1666439640000,27.9237,27.9317,27.91,27.91,295
1666439700000,27.91,27.9318,27.9062,27.926,400
1666439760000,27.926,27.9386,27.9253,27.9345,132
1666439820000,27.9345,27.9386,27.9343,27.9378,129
1666439880000,27.9378,27.959,27.9351,27.9502,182
1666439940000,27.9502,27.9563,27.9491,27.9491,168
1666440000000,27.9491,27.9677,27.9491,27.9588,164
1666440060000,27.9588,27.9682,27.9487,27.9494,145
1666440120000,27.9494,27.954,27.9293,27.9518,89
1666440180000,27.9518,27.9649,27.9461,27.953,166
1666440240000,27.953,27.9638,27.949,27.9518,141
1666440300000,27.9518,27.9534,27.9381,27.9426,122
1666440360000,27.9426,27.956,27.9406,27.9541,110
1666440420000,27.9541,27.956,27.9399,27.9399,189
1666440480000,27.9399,27.9437,27.9309,27.9397,99
1666440540000,27.9397,27.9426,27.9202,27.9202,128
1666440600000,27.9202,27.9401,27.9202,27.9385,220
1666440660000,27.9385,27.9439,27.9355,27.9439,152
1666440720000,27.9439,27.9441,27.9438,27.9438,123
1666440780000,27.9438,27.9557,27.9437,27.9541,144
1666440840000,27.9541,27.9545,27.9496,27.9521,135
1666440900000,27.9521,27.9545,27.9351,27.9493,163
1666440960000,27.9493,27.9527,27.9364,27.9415,262
1666441020000,27.9415,27.9415,27.9338,27.9382,158
1666441080000,27.9382,27.9382,27.9177,27.9269,92
1666441140000,27.9269,27.9394,27.9238,27.9394,134
1666441200000,27.9394,28.0133,27.9262,27.9558,1323
1666441260000,27.9558,27.9607,27.9442,27.9505,63
1666441320000,27.9505,27.9505,27.9345,27.9346,122
1666441380000,27.9346,27.9392,27.9168,27.9254,354
1666441440000,27.9254,27.9265,27.886,27.8907,580
1666441500000,27.8907,27.8907,27.8588,27.8814,934
1666441560000,27.8814,27.9083,27.8814,27.8854,122
1666441620000,27.8854,27.8869,27.869,27.87,373
1666441680000,27.87,27.8768,27.8566,27.8748,1010
1666441740000,27.8748,27.8756,27.8589,27.8639,139
1666441800000,27.8639,27.8683,27.854,27.854,180
1666441860000,27.854,27.8557,27.8313,27.8359,353
1666441920000,27.8359,27.8379,27.8063,27.829,313
1666441980000,27.829,27.8317,27.8113,27.8155,290
1666442040000,27.8155,27.8173,27.8061,27.8091,102
1666442100000,27.8091,27.8269,27.8065,27.8219,132
1666442160000,27.8219,27.8394,27.8138,27.8162,1608
1666442220000,27.8162,27.8389,27.8158,27.8377,123
1666442280000,27.8377,27.85,27.8363,27.85,244
1666442340000,27.85,27.8634,27.8369,27.848,1135
1666442400000,27.848,27.849,27.837,27.8404,292
1666442460000,27.8404,27.8424,27.8363,27.8399,322
1666442520000,27.8399,27.8417,27.8338,27.8353,180
1666442580000,27.8353,27.8383,27.8271,27.8302,84
1666442640000,27.8302,27.8416,27.8302,27.8414,151
1666442700000,27.8414,27.8798,27.8414,27.877,376
1666442760000,27.877,27.8841,27.8715,27.8841,185
1666442820000,27.8841,27.9078,27.8841,27.9045,541
1666442880000,27.9045,27.922,27.8826,27.8839,250
1666442940000,27.8839,27.8839,27.8727,27.8739,77
1666443000000,27.8739,27.9089,27.8713,27.9089,453
1666443060000,27.9089,27.946,27.9031,27.946,387
1666443120000,27.946,27.946,27.9164,27.9307,744
1666443180000,27.9307,27.9627,27.9242,27.9619,645
1666443240000,27.9619,27.9625,27.9362,27.9421,562
1666443300000,27.9421,27.9638,27.9402,27.9545,144
1666443360000,27.9545,27.9578,27.9498,27.9503,181
1666443420000,27.9503,27.9567,27.9388,27.9466,207
1666443480000,27.9466,27.9715,27.9463,27.9715,782
1666443540000,27.9715,27.9733,27.9615,27.9629,239
1666443600000,27.9629,27.982,27.9629,27.9772,214
1666443660000,27.9772,28.0117,27.9732,28.0065,832
1666443720000,28.0065,28.0212,28.0032,28.0112,319
1666443780000,28.0112,28.0483,28.0094,28.0428,367
1666443840000,28.0428,28.0583,28.0265,28.0488,828
1666443900000,28.0488,28.0693,28.0487,28.0532,1208
1666443960000,28.0532,28.0754,28.0532,28.0754,342
1666444020000,28.0754,28.0754,28.0288,28.0672,1951
1666444080000,28.0672,28.0693,28.0513,28.0571,135
1666444140000,28.0571,28.0571,28.0387,28.0473,799
1666444200000,28.0473,28.0511,28.0342,28.0445,444
1666444260000,28.0445,28.0688,28.0443,28.0688,194
1666444320000,28.0688,28.1032,28.0688,28.0835,1558
1666444380000,28.0835,28.0835,28.0682,28.0712,149
1666444440000,28.0712,28.0982,28.0712,28.0963,229
1666444500000,28.0963,28.1228,28.0952,28.1228,376
1666444560000,28.1228,28.1882,28.0975,28.1051,1315
1666444620000,28.1051,28.1114,28.0797,28.0865,642
1666444680000,28.0865,28.0865,28.046,28.0531,419
1666444740000,28.0531,28.0575,28.0431,28.0491,590
1666444800000,28.0491,28.0876,28.0489,28.0761,188
1666444860000,28.0761,28.0904,28.0638,28.0638,1232
1666444920000,28.0638,28.0725,28.0487,28.0529,151
1666444980000,28.0529,28.0687,28.0487,28.0687,105
1666445040000,28.0687,28.0711,28.0495,28.0608,160
1666445100000,28.0608,28.0914,28.0587,28.0914,689
1666445160000,28.0914,28.0924,28.0734,28.0734,341
1666445220000,28.0734,28.0923,28.0734,28.0912,292
1666445280000,28.0912,28.0982,28.0811,28.0811,553
1666445340000,28.0811,28.0954,28.0794,28.0954,353
1666445400000,28.0954,28.0969,28.0748,28.0761,102
1666445460000,28.0761,28.085,28.0687,28.0776,316
1666445520000,28.0776,28.0823,28.0487,28.057,439
1666445580000,28.057,28.0597,28.0037,28.0112,744
1666445640000,28.0112,28.016,27.9937,28.0117,694
1666445700000,28.0117,28.0359,28.0117,28.029,199
1666445760000,28.029,28.0309,28.0103,28.0103,1115
1666445820000,28.0103,28.0239,28.0026,28.0026,233
1666445880000,28.0026,28.0057,27.9887,27.9891,234
1666445940000,27.9891,28.003,27.9729,27.9988,254
1666446000000,27.9988,28.0162,27.9847,28.0057,122
1666446060000,28.0057,28.0093,27.9912,27.9924,392
1666446120000,27.9924,27.9948,27.9662,27.974,175
1666446180000,27.974,27.974,27.9612,27.9671,905
1666446240000,27.9671,27.9861,27.9638,27.981,70
1666446300000,27.981,27.9959,27.981,27.9912,150
1666446360000,27.9912,27.9912,27.975,27.976,279
1666446420000,27.976,27.9798,27.9333,27.9333,1593
1666446480000,27.9333,27.9471,27.9235,27.9286,569
1666446540000,27.9286,27.9286,27.8887,27.8905,159
1666446600000,27.8905,27.9386,27.8905,27.9295,590
1666446660000,27.9295,27.9298,27.9114,27.9192,113
1666446720000,27.9192,27.9198,27.9091,27.9095,200
1666446780000,27.9095,27.9097,27.9001,27.9015,222
1666446840000,27.9015,27.9171,27.9014,27.9137,267
1666446900000,27.9137,27.9232,27.9128,27.9223,132
1666446960000,27.9223,27.9223,27.9122,27.9193,125
1666447020000,27.9193,27.9204,27.9037,27.9073,519
1666447080000,27.9073,27.9073,27.9013,27.9025,165
1666447140000,27.9025,27.9083,27.9003,27.9019,113
1666447200000,27.9019,27.9449,27.9019,27.9346,680
1666447260000,27.9346,27.9598,27.9341,27.9598,523
1666447320000,27.9598,27.9619,27.9417,27.9619,427
1666447380000,27.9619,27.9699,27.9572,27.9579,226
1666447440000,27.9579,28.0783,27.9474,28.0362,24637
1666447500000,28.0362,28.0589,28.0315,28.0504,204
1666447560000,28.0504,28.0633,28.0437,28.0597,1179
1666447620000,28.0597,28.0723,28.0583,28.0679,121
1666447680000,28.0679,28.0697,28.0237,28.0362,115
1666447740000,28.0362,28.0368,28.0186,28.0201,113
1666447800000,28.0201,28.0233,28.0132,28.018,501
1666447860000,28.018,28.0233,27.9888,28.0077,223
1666447920000,28.0077,28.0081,28.0012,28.0055,275
1666447980000,28.0055,28.0065,27.9912,27.9984,407
1666448040000,27.9984,28.0014,27.9912,27.9966,684
1666448100000,27.9966,28.011,27.9942,28.011,180
1666448160000,28.011,28.0176,27.994,27.9959,90
1666448220000,27.9959,28.0188,27.9952,28.0169,171
1666448280000,28.0169,28.0315,28.0142,28.0265,181
1666448340000,28.0265,28.0406,28.0237,28.0406,289
1666448400000,28.0406,28.0406,28.0241,28.0301,107
1666448460000,28.0301,28.0307,28.0173,28.0173,197
1666448520000,28.0173,28.0173,27.9911,27.9911,185
1666448580000,27.9911,27.9916,27.9787,27.9856,169
1666448640000,27.9856,27.9905,27.9749,27.9756,52
1666448700000,27.9756,27.9935,27.9756,27.9926,38
1666448760000,27.9926,27.9936,27.9863,27.9882,121
1666448820000,27.9882,27.9933,27.9873,27.9898,78
1666448880000,27.9898,28.0223,27.9876,28.0191,1251
1666448940000,28.0191,28.0283,28.0144,28.0171,117
1666449000000,28.0171,28.0297,28.0158,28.02,168
1666449060000,28.02,28.0562,28.0166,28.0562,488
1666449120000,28.0562,28.0633,28.0462,28.0562,176
1666449180000,28.0562,28.0634,28.0562,28.0623,42
1666449240000,28.0623,28.0683,28.0591,28.0616,815
1666449300000,28.0616,28.0735,28.0612,28.0709,446
1666449360000,28.0709,28.0734,28.0478,28.0478,452
1666449420000,28.0478,28.0526,28.0328,28.0328,97
1666449480000,28.0328,28.0446,28.0262,28.0363,190
1666449540000,28.0363,28.0363,28.0237,28.0283,203
1666449600000,28.0283,28.0426,28.0246,28.0411,260
1666449660000,28.0411,28.0427,28.0307,28.0307,85
1666449720000,28.0307,28.0357,28.0307,28.0339,87
1666449780000,28.0339,28.0339,28.0249,28.0249,203
1666449840000,28.0249,28.033,28.0239,28.0286,216
1666449900000,28.0286,28.033,28.0243,28.0321,147
1666449960000,28.0321,28.0321,28.0263,28.0292,125
1666450020000,28.0292,28.0312,28.0038,28.0041,188
1666450080000,28.0041,28.0197,28.0041,28.0172,174
1666450140000,28.0172,28.0205,28.0062,28.0062,179
1666450200000,28.0062,28.0177,28.0062,28.0095,123
1666450260000,28.0095,28.0193,28.0069,28.0118,2740
1666450320000,28.0118,28.0205,28.0105,28.0193,167
1666450380000,28.0193,28.0215,28.0138,28.0138,89
1666450440000,28.0138,28.0207,27.9867,27.9867,120
1666450500000,27.9867,28.0068,27.9867,28.0051,52
1666450560000,28.0051,28.023,28.0051,28.0118,161
1666450620000,28.0118,28.0144,28.0117,28.0132,62
1666450680000,28.0132,28.0448,28.0132,28.0389,110
1666450740000,28.0389,28.0429,28.0368,28.0429,40
1666450800000,28.0429,28.0749,28.0429,28.0668,162
1666450860000,28.0668,28.0702,28.0601,28.0617,71
1666450920000,28.0617,28.0706,28.0562,28.0706,156
1666450980000,28.0706,28.1047,28.0642,28.0971,757
1666451040000,28.0971,28.1119,28.0868,28.1119,139
1666451100000,28.1119,28.1241,28.1064,28.124,308
1666451160000,28.124,28.1302,28.1167,28.1291,192
1666451220000,28.1291,28.1407,28.1261,28.1357,284
1666451280000,28.1357,28.1357,28.0956,28.1186,1037
1666451340000,28.1186,28.1326,28.1061,28.1061,191
1666451400000,28.1061,28.1087,28.0936,28.0982,135
1666451460000,28.0982,28.0982,28.0683,28.0906,3562
1666451520000,28.0906,28.0969,28.0872,28.0913,171
1666451580000,28.0913,28.0947,28.0637,28.0638,452
1666451640000,28.0638,28.0663,28.054,28.0604,98
1666451700000,28.0604,28.0604,28.0445,28.0542,160
1666451760000,28.0542,28.0603,28.0513,28.0514,68
1666451820000,28.0514,28.0514,28.0212,28.0374,3726
1666451880000,28.0374,28.0405,28.0337,28.0383,111
1666451940000,28.0383,28.0433,28.0344,28.0374,375
1666452000000,28.0374,28.0768,28.0374,28.0678,108
1666452060000,28.0678,28.0847,28.0639,28.0684,189
1666452120000,28.0684,28.0783,28.0675,28.0691,356
1666452180000,28.0691,28.0704,28.057,28.0572,75
1666452240000,28.0572,28.0633,28.0562,28.0593,316
1666452300000,28.0593,28.0856,28.0564,28.0754,173
1666452360000,28.0754,28.0755,28.058,28.058,41
1666452420000,28.058,28.0615,28.0466,28.0499,44
1666452480000,28.0499,28.0536,28.0389,28.0389,48
1666452540000,28.0389,28.0427,28.0301,28.0301,187
1666452600000,28.0301,28.0533,28.0251,28.0294,2847
1666452660000,28.0294,28.0409,28.005,28.005,172
1666452720000,28.005,28.0099,27.9962,27.9973,75
1666452780000,27.9973,28.0186,27.9909,28.0165,855
1666452840000,28.0165,28.0189,27.9915,27.9975,903
1666452900000,27.9975,28.0368,27.9962,28.0164,155
1666452960000,28.0164,28.026,28.0027,28.0047,86
1666453020000,28.0047,28.0057,27.9837,27.9933,1999
1666453080000,27.9933,27.9933,27.9712,27.9737,148
1666453140000,27.9737,27.9881,27.9737,27.9768,107
1666453200000,27.9768,27.9994,27.9768,27.9949,202
1666453260000,27.9949,28.0101,27.9938,28.0057,290
1666453320000,28.0057,28.0156,27.9979,27.9997,474
1666453380000,27.9997,27.9999,27.9874,27.9917,66
1666453440000,27.9917,27.9968,27.9837,27.985,96
1666453500000,27.985,28.0109,27.985,28.0093,90
1666453560000,28.0093,28.0106,27.9949,27.9976,60
1666453620000,27.9976,27.9998,27.9828,27.9858,72
1666453680000,27.9858,27.9876,27.9743,27.979,203
1666453740000,27.979,27.979,27.9512,27.953,584
1666453800000,27.953,27.9776,27.9487,27.9742,175
1666453860000,27.9742,27.9766,27.9646,27.9756,87
1666453920000,27.9756,27.9778,27.9713,27.9721,67
1666453980000,27.9721,27.9783,27.9554,27.9761,266
1666454040000,27.9761,27.9783,27.9713,27.9778,45
1666454100000,27.9778,27.9853,27.9713,27.9853,214
1666454160000,27.9853,27.9983,27.9853,27.9926,161
1666454220000,27.9926,28.0061,27.9921,27.9935,68
1666454280000,27.9935,27.9981,27.9536,27.9827,130
1666454340000,27.9827,27.9983,27.9667,27.9667,300
